viewport_css_width,dpr,rendered_css_width,rendered_css_height,currentSrc,file_width,file_height,file_bytes,source_pixels_per_css_pixel,required_device_width,raster_scale,requests
320,1,313.594,235.188,ps5-commercial-mobile-560.webp,560,420,11462,1.786,313.594,0.56,1
320,2,313.594,235.188,ps5-commercial-mobile.webp,1120,840,48246,3.571,627.188,0.56,1
320,3,313.594,235.188,ps5-commercial-mobile.webp,1120,840,48246,3.571,940.781,0.84,1
390,1,383.031,287.266,ps5-commercial-mobile-560.webp,560,420,11462,1.462,383.031,0.684,1
390,2,383.031,287.266,ps5-commercial-mobile.webp,1120,840,48246,2.924,766.062,0.684,1
390,3,383.031,287.266,ps5-commercial-mobile.webp,1120,840,48246,2.924,1149.094,1.026,1
900,1,492.797,369.594,ps5-commercial-mobile-560.webp,560,420,11462,1.136,492.797,0.88,1
900,2,492.797,369.594,ps5-commercial-mobile.webp,1120,840,48246,2.273,985.594,0.88,1
900,3,492.797,369.594,ps5-commercial-mobile.webp,1120,840,48246,2.273,1478.391,1.32,1
901,1,409.344,307,ps5-commercial-desktop-close-768.webp,768,576,23294,1.876,409.344,0.533,1
901,2,409.344,307,ps5-commercial-desktop-close.webp,1448,1086,83212,3.537,818.688,0.565,1
901,3,409.344,307,ps5-commercial-desktop-close.webp,1448,1086,83212,3.537,1228.031,0.848,1
1440,1,658.422,493.812,ps5-commercial-desktop-close-768.webp,768,576,23294,1.166,658.422,0.857,1
1440,2,658.422,493.812,ps5-commercial-desktop-close.webp,1448,1086,83212,2.199,1316.844,0.909,1
1440,3,658.422,493.812,ps5-commercial-desktop-close.webp,1448,1086,83212,2.199,1975.266,1.364,1
1920,1,701.188,525.891,ps5-commercial-desktop-close-768.webp,768,576,23294,1.095,701.188,0.913,1
1920,2,701.188,525.891,ps5-commercial-desktop-close.webp,1448,1086,83212,2.065,1402.375,0.968,1
1920,3,701.188,525.891,ps5-commercial-desktop-close.webp,1448,1086,83212,2.065,2103.562,1.453,1
3355,1,701.188,525.891,ps5-commercial-desktop-close-768.webp,768,576,23294,1.095,701.188,0.913,1
3355,2,701.188,525.891,ps5-commercial-desktop-close.webp,1448,1086,83212,2.065,1402.375,0.968,1
3355,3,701.188,525.891,ps5-commercial-desktop-close.webp,1448,1086,83212,2.065,2103.562,1.453,1
